

INSERT INTO public.inventory_product VALUES ('11111111-1111-1111-1111-111111111001', 'Cold Brew Coffee 250mL', 'Bottled cold brew', 'SKU-A-001', 'ml', '2025-12-04 00:22:19.486139+00', '2026-02-22 00:22:19.486139+00', '70f26d61-eb01-4a06-aa87-af55868c3726');
INSERT INTO public.inventory_product VALUES ('11111111-1111-1111-1111-111111111002', 'Sparkling Water 355mL', 'Lime flavor', 'SKU-A-002', 'ml', '2025-12-06 00:22:19.486139+00', '2026-02-22 00:22:19.486139+00', '70f26d61-eb01-4a06-aa87-af55868c3726');
INSERT INTO public.inventory_product VALUES ('11111111-1111-1111-1111-111111111003', 'Tomato Sauce 500g', 'Glass jar', 'SKU-A-003', 'g', '2025-12-08 00:22:19.486139+00', '2026-02-22 00:22:19.486139+00', '70f26d61-eb01-4a06-aa87-af55868c3726');
INSERT INTO public.inventory_product VALUES ('11111111-1111-1111-1111-111111111004', 'Granola 1kg', 'Oats + nuts', 'SKU-A-004', 'kg', '2025-12-10 00:22:19.486139+00', '2026-02-22 00:22:19.486139+00', '70f26d61-eb01-4a06-aa87-af55868c3726');
INSERT INTO public.inventory_product VALUES ('11111111-1111-1111-1111-111111111005', 'Protein Bar', 'Chocolate', 'SKU-A-005', 'unit', '2025-12-12 00:22:19.486139+00', '2026-02-22 00:22:19.486139+00', '70f26d61-eb01-4a06-aa87-af55868c3726');
INSERT INTO public.inventory_product VALUES ('11111111-1111-1111-1111-111111111006', 'Olive Oil 500mL', 'Extra virgin', 'SKU-A-006', 'ml', '2025-12-14 00:22:19.486139+00', '2026-02-22 00:22:19.486139+00', '70f26d61-eb01-4a06-aa87-af55868c3726');
INSERT INTO public.inventory_product VALUES ('11111111-1111-1111-1111-111111111007', 'Hot Sauce 150mL', 'Smoky', 'SKU-A-007', 'ml', '2025-12-16 00:22:19.486139+00', '2026-02-22 00:22:19.486139+00', '70f26d61-eb01-4a06-aa87-af55868c3726');
INSERT INTO public.inventory_product VALUES ('11111111-1111-1111-1111-111111111008', 'Pasta 500g', 'Durum wheat', 'SKU-A-008', 'g', '2025-12-18 00:22:19.486139+00', '2026-02-22 00:22:19.486139+00', '70f26d61-eb01-4a06-aa87-af55868c3726');
INSERT INTO public.inventory_product VALUES ('11111111-1111-1111-1111-111111111009', 'Cocoa Powder 200g', 'Dutch processed', 'SKU-A-009', 'g', '2025-12-20 00:22:19.486139+00', '2026-02-22 00:22:19.486139+00', '70f26d61-eb01-4a06-aa87-af55868c3726');
INSERT INTO public.inventory_product VALUES ('11111111-1111-1111-1111-111111111010', 'Kombucha 330mL', 'Ginger', 'SKU-A-010', 'ml', '2025-12-22 00:22:19.486139+00', '2026-02-22 00:22:19.486139+00', '70f26d61-eb01-4a06-aa87-af55868c3726');
INSERT INTO public.inventory_product VALUES ('11111111-1111-1111-1111-111111111011', 'Energy Drink 250mL', 'Zero sugar', 'SKU-B-001', 'ml', '2025-12-04 00:22:19.486139+00', '2026-02-22 00:22:19.486139+00', 'ae10d45c-a897-468d-99aa-678166dee4fd');
INSERT INTO public.inventory_product VALUES ('11111111-1111-1111-1111-111111111012', 'Iced Tea 1L', 'Peach', 'SKU-B-002', 'L', '2025-12-06 00:22:19.486139+00', '2026-02-22 00:22:19.486139+00', 'ae10d45c-a897-468d-99aa-678166dee4fd');
INSERT INTO public.inventory_product VALUES ('11111111-1111-1111-1111-111111111013', 'Peanut Butter 500g', 'Crunchy', 'SKU-B-003', 'g', '2025-12-08 00:22:19.486139+00', '2026-02-22 00:22:19.486139+00', 'ae10d45c-a897-468d-99aa-678166dee4fd');
INSERT INTO public.inventory_product VALUES ('11111111-1111-1111-1111-111111111014', 'Honey 300g', 'Raw', 'SKU-B-004', 'g', '2025-12-10 00:22:19.486139+00', '2026-02-22 00:22:19.486139+00', 'ae10d45c-a897-468d-99aa-678166dee4fd');
INSERT INTO public.inventory_product VALUES ('11111111-1111-1111-1111-111111111015', 'Cereal Box', 'Whole grain', 'SKU-B-005', 'unit', '2025-12-12 00:22:19.486139+00', '2026-02-22 00:22:19.486139+00', 'ae10d45c-a897-468d-99aa-678166dee4fd');
INSERT INTO public.inventory_product VALUES ('11111111-1111-1111-1111-111111111016', 'Coconut Water 330mL', 'No additives', 'SKU-B-006', 'ml', '2025-12-14 00:22:19.486139+00', '2026-02-22 00:22:19.486139+00', 'ae10d45c-a897-468d-99aa-678166dee4fd');
INSERT INTO public.inventory_product VALUES ('11111111-1111-1111-1111-111111111017', 'Salsa 300g', 'Medium', 'SKU-B-007', 'g', '2025-12-16 00:22:19.486139+00', '2026-02-22 00:22:19.486139+00', 'ae10d45c-a897-468d-99aa-678166dee4fd');
INSERT INTO public.inventory_product VALUES ('11111111-1111-1111-1111-111111111018', 'Rice 1kg', 'Long grain', 'SKU-B-008', 'kg', '2025-12-18 00:22:19.486139+00', '2026-02-22 00:22:19.486139+00', 'ae10d45c-a897-468d-99aa-678166dee4fd');
INSERT INTO public.inventory_product VALUES ('11111111-1111-1111-1111-111111111019', 'Oat Milk 1L', 'Barista', 'SKU-B-009', 'L', '2025-12-20 00:22:19.486139+00', '2026-02-22 00:22:19.486139+00', 'ae10d45c-a897-468d-99aa-678166dee4fd');
INSERT INTO public.inventory_product VALUES ('11111111-1111-1111-1111-111111111020', 'Chocolate Spread 350g', 'Hazelnut', 'SKU-B-010', 'g', '2025-12-22 00:22:19.486139+00', '2026-02-22 00:22:19.486139+00', 'ae10d45c-a897-468d-99aa-678166dee4fd');


--
-- TOC entry 3599 (class 0 OID 16536)
-- Dependencies: 233
-- Data for Name: inventory_stock; Type: TABLE DATA; Schema: public; Owner: postgres
--

INSERT INTO public.inventory_stock VALUES ('44444444-4444-4444-4444-333333333001', 6000.000, 6000.000, 0.00, 'LOT-20260102-3001', '2026-07-01', '2026-01-03 00:22:19.486139+00', '70f26d61-eb01-4a06-aa87-af55868c3726', '11111111-1111-1111-1111-111111111001', '33333333-3333-3333-3333-333333333001');
INSERT INTO public.inventory_stock VALUES ('44444444-4444-4444-4444-333333333002', 200.000, 200.000, 0.40, 'LOT-20260102-3002', '2026-07-01', '2026-01-03 00:22:19.486139+00', '70f26d61-eb01-4a06-aa87-af55868c3726', '11111111-1111-1111-1111-111111111005', '33333333-3333-3333-3333-333333333002');
INSERT INTO public.inventory_stock VALUES ('44444444-4444-4444-4444-333333333003', 7100.000, 7100.000, 0.00, 'LOT-20260107-3003', '2026-07-06', '2026-01-08 00:22:19.486139+00', '70f26d61-eb01-4a06-aa87-af55868c3726', '11111111-1111-1111-1111-111111111002', '33333333-3333-3333-3333-333333333003');
INSERT INTO public.inventory_stock VALUES ('44444444-4444-4444-4444-333333333004', 5000.000, 5000.000, 0.00, 'LOT-20260107-3004', '2026-07-06', '2026-01-08 00:22:19.486139+00', '70f26d61-eb01-4a06-aa87-af55868c3726', '11111111-1111-1111-1111-111111111003', '33333333-3333-3333-3333-333333333004');
INSERT INTO public.inventory_stock VALUES ('44444444-4444-4444-4444-333333333005', 300.000, 300.000, 2.10, 'LOT-20260112-3005', '2026-07-11', '2026-01-13 00:22:19.486139+00', '70f26d61-eb01-4a06-aa87-af55868c3726', '11111111-1111-1111-1111-111111111004', '33333333-3333-3333-3333-333333333005');
INSERT INTO public.inventory_stock VALUES ('44444444-4444-4444-4444-333333333006', 8000.000, 8000.000, 0.00, 'LOT-20260112-3006', '2026-07-11', '2026-01-13 00:22:19.486139+00', '70f26d61-eb01-4a06-aa87-af55868c3726', '11111111-1111-1111-1111-111111111008', '33333333-3333-3333-3333-333333333006');
INSERT INTO public.inventory_stock VALUES ('44444444-4444-4444-4444-333333333037', 2500.000, 2500.000, 0.00, 'LOT-20260112-3037', '2026-07-11', '2026-01-13 00:22:19.486139+00', '70f26d61-eb01-4a06-aa87-af55868c3726', '11111111-1111-1111-1111-111111111001', '33333333-3333-3333-3333-333333333037');
INSERT INTO public.inventory_stock VALUES ('44444444-4444-4444-4444-333333333007', 5000.000, 5000.000, 0.01, 'LOT-20260117-3007', '2026-07-16', '2026-01-18 00:22:19.486139+00', '70f26d61-eb01-4a06-aa87-af55868c3726', '11111111-1111-1111-1111-111111111006', '33333333-3333-3333-3333-333333333007');
INSERT INTO public.inventory_stock VALUES ('44444444-4444-4444-4444-333333333008', 3000.000, 3000.000, 0.01, 'LOT-20260117-3008', '2026-07-16', '2026-01-18 00:22:19.486139+00', '70f26d61-eb01-4a06-aa87-af55868c3726', '11111111-1111-1111-1111-111111111007', '33333333-3333-3333-3333-333333333008');
INSERT INTO public.inventory_stock VALUES ('44444444-4444-4444-4444-333333333009', 2000.000, 2000.000, 0.00, 'LOT-20260122-3009', '2026-07-21', '2026-01-23 00:22:19.486139+00', '70f26d61-eb01-4a06-aa87-af55868c3726', '11111111-1111-1111-1111-111111111009', '33333333-3333-3333-3333-333333333009');
INSERT INTO public.inventory_stock VALUES ('44444444-4444-4444-4444-333333333010', 6600.000, 6600.000, 0.00, 'LOT-20260122-3010', '2026-07-21', '2026-01-23 00:22:19.486139+00', '70f26d61-eb01-4a06-aa87-af55868c3726', '11111111-1111-1111-1111-111111111010', '33333333-3333-3333-3333-333333333010');
INSERT INTO public.inventory_stock VALUES ('44444444-4444-4444-4444-333333333011', 400.000, 400.000, 0.38, 'LOT-20260127-3011', '2026-07-26', '2026-01-28 00:22:19.486139+00', '70f26d61-eb01-4a06-aa87-af55868c3726', '11111111-1111-1111-1111-111111111005', '33333333-3333-3333-3333-333333333011');
INSERT INTO public.inventory_stock VALUES ('44444444-4444-4444-4444-333333333012', 3000.000, 3000.000, 0.00, 'LOT-20260127-3012', '2026-07-26', '2026-01-28 00:22:19.486139+00', '70f26d61-eb01-4a06-aa87-af55868c3726', '11111111-1111-1111-1111-111111111001', '33333333-3333-3333-3333-333333333012');
INSERT INTO public.inventory_stock VALUES ('44444444-4444-4444-4444-333333333013', 200.000, 200.000, 2.05, 'LOT-20260201-3013', '2026-07-31', '2026-02-02 00:22:19.486139+00', '70f26d61-eb01-4a06-aa87-af55868c3726', '11111111-1111-1111-1111-111111111004', '33333333-3333-3333-3333-333333333013');
INSERT INTO public.inventory_stock VALUES ('44444444-4444-4444-4444-333333333014', 4000.000, 4000.000, 0.00, 'LOT-20260201-3014', '2026-07-31', '2026-02-02 00:22:19.486139+00', '70f26d61-eb01-4a06-aa87-af55868c3726', '11111111-1111-1111-1111-111111111003', '33333333-3333-3333-3333-333333333014');
INSERT INTO public.inventory_stock VALUES ('44444444-4444-4444-4444-333333333038', 3550.000, 3550.000, 0.00, 'LOT-20260201-3038', '2026-07-31', '2026-02-02 00:22:19.486139+00', '70f26d61-eb01-4a06-aa87-af55868c3726', '11111111-1111-1111-1111-111111111002', '33333333-3333-3333-3333-333333333038');
INSERT INTO public.inventory_stock VALUES ('44444444-4444-4444-4444-333333333019', 5000.000, 5000.000, 0.01, 'LOT-20260102-3019', '2026-07-01', '2026-01-03 00:22:19.486139+00', 'ae10d45c-a897-468d-99aa-678166dee4fd', '11111111-1111-1111-1111-111111111011', '33333333-3333-3333-3333-333333333019');
INSERT INTO public.inventory_stock VALUES ('44444444-4444-4444-4444-333333333020', 220.000, 220.000, 0.55, 'LOT-20260102-3020', '2026-07-01', '2026-01-03 00:22:19.486139+00', 'ae10d45c-a897-468d-99aa-678166dee4fd', '11111111-1111-1111-1111-111111111015', '33333333-3333-3333-3333-333333333020');
INSERT INTO public.inventory_stock VALUES ('44444444-4444-4444-4444-333333333021', 80.000, 80.000, 1.10, 'LOT-20260107-3021', '2026-07-06', '2026-01-08 00:22:19.486139+00', 'ae10d45c-a897-468d-99aa-678166dee4fd', '11111111-1111-1111-1111-111111111012', '33333333-3333-3333-3333-333333333021');
INSERT INTO public.inventory_stock VALUES ('44444444-4444-4444-4444-333333333022', 6000.000, 6000.000, 0.00, 'LOT-20260107-3022', '2026-07-06', '2026-01-08 00:22:19.486139+00', 'ae10d45c-a897-468d-99aa-678166dee4fd', '11111111-1111-1111-1111-111111111013', '33333333-3333-3333-3333-333333333022');
INSERT INTO public.inventory_stock VALUES ('44444444-4444-4444-4444-333333333023', 3000.000, 3000.000, 0.00, 'LOT-20260112-3023', '2026-07-11', '2026-01-13 00:22:19.486139+00', 'ae10d45c-a897-468d-99aa-678166dee4fd', '11111111-1111-1111-1111-111111111014', '33333333-3333-3333-3333-333333333023');
INSERT INTO public.inventory_stock VALUES ('44444444-4444-4444-4444-333333333024', 6600.000, 6600.000, 0.00, 'LOT-20260112-3024', '2026-07-11', '2026-01-13 00:22:19.486139+00', 'ae10d45c-a897-468d-99aa-678166dee4fd', '11111111-1111-1111-1111-111111111016', '33333333-3333-3333-3333-333333333024');
INSERT INTO public.inventory_stock VALUES ('44444444-4444-4444-4444-333333333025', 5000.000, 5000.000, 0.00, 'LOT-20260117-3025', '2026-07-16', '2026-01-18 00:22:19.486139+00', 'ae10d45c-a897-468d-99aa-678166dee4fd', '11111111-1111-1111-1111-111111111017', '33333333-3333-3333-3333-333333333025');
INSERT INTO public.inventory_stock VALUES ('44444444-4444-4444-4444-333333333026', 250.000, 250.000, 1.90, 'LOT-20260117-3026', '2026-07-16', '2026-01-18 00:22:19.486139+00', 'ae10d45c-a897-468d-99aa-678166dee4fd', '11111111-1111-1111-1111-111111111018', '33333333-3333-3333-3333-333333333026');
INSERT INTO public.inventory_stock VALUES ('44444444-4444-4444-4444-333333333039', 1800.000, 1800.000, 0.01, 'LOT-20260117-3039', '2026-07-16', '2026-01-18 00:22:19.486139+00', 'ae10d45c-a897-468d-99aa-678166dee4fd', '11111111-1111-1111-1111-111111111011', '33333333-3333-3333-3333-333333333039');
INSERT INTO public.inventory_stock VALUES ('44444444-4444-4444-4444-333333333027', 90.000, 90.000, 1.30, 'LOT-20260122-3027', '2026-07-21', '2026-01-23 00:22:19.486139+00', 'ae10d45c-a897-468d-99aa-678166dee4fd', '11111111-1111-1111-1111-111111111019', '33333333-3333-3333-3333-333333333027');
INSERT INTO public.inventory_stock VALUES ('44444444-4444-4444-4444-333333333028', 4000.000, 4000.000, 0.00, 'LOT-20260122-3028', '2026-07-21', '2026-01-23 00:22:19.486139+00', 'ae10d45c-a897-468d-99aa-678166dee4fd', '11111111-1111-1111-1111-111111111020', '33333333-3333-3333-3333-333333333028');
INSERT INTO public.inventory_stock VALUES ('44444444-4444-4444-4444-333333333029', 180.000, 180.000, 0.52, 'LOT-20260127-3029', '2026-07-26', '2026-01-28 00:22:19.486139+00', 'ae10d45c-a897-468d-99aa-678166dee4fd', '11111111-1111-1111-1111-111111111015', '33333333-3333-3333-3333-333333333029');
INSERT INTO public.inventory_stock VALUES ('44444444-4444-4444-4444-333333333030', 2500.000, 2500.000, 0.01, 'LOT-20260127-3030', '2026-07-26', '2026-01-28 00:22:19.486139+00', 'ae10d45c-a897-468d-99aa-678166dee4fd', '11111111-1111-1111-1111-111111111011', '33333333-3333-3333-3333-333333333030');
INSERT INTO public.inventory_stock VALUES ('44444444-4444-4444-4444-333333333031', 150.000, 150.000, 1.85, 'LOT-20260201-3031', '2026-07-31', '2026-02-02 00:22:19.486139+00', 'ae10d45c-a897-468d-99aa-678166dee4fd', '11111111-1111-1111-1111-111111111018', '33333333-3333-3333-3333-333333333031');
INSERT INTO public.inventory_stock VALUES ('44444444-4444-4444-4444-333333333032', 3000.000, 3000.000, 0.00, 'LOT-20260201-3032', '2026-07-31', '2026-02-02 00:22:19.486139+00', 'ae10d45c-a897-468d-99aa-678166dee4fd', '11111111-1111-1111-1111-111111111013', '33333333-3333-3333-3333-333333333032');
INSERT INTO public.inventory_stock VALUES ('44444444-4444-4444-4444-333333333040', 30.000, 30.000, 1.28, 'LOT-20260201-3040', '2026-07-31', '2026-02-02 00:22:19.486139+00', 'ae10d45c-a897-468d-99aa-678166dee4fd', '11111111-1111-1111-1111-111111111019', '33333333-3333-3333-3333-333333333040');


--
-- TOC entry 3597 (class 0 OID 16522)
-- Dependencies: 231
-- Data for Name: inventory_stockmovement; Type: TABLE DATA; Schema: public; Owner: postgres
--

INSERT INTO public.inventory_stockmovement VALUES ('77777777-7777-7777-7777-666666666001', 2000.000, 0.00, '2026-02-04 00:22:19.486139+00', '70f26d61-eb01-4a06-aa87-af55868c3726', '66666666-6666-6666-6666-666666666001', '44444444-4444-4444-4444-333333333001');
INSERT INTO public.inventory_stockmovement VALUES ('77777777-7777-7777-7777-666666666002', 60.000, 0.40, '2026-02-04 00:22:19.486139+00', '70f26d61-eb01-4a06-aa87-af55868c3726', '66666666-6666-6666-6666-666666666002', '44444444-4444-4444-4444-333333333002');
INSERT INTO public.inventory_stockmovement VALUES ('77777777-7777-7777-7777-666666666003', 3000.000, 0.00, '2026-02-06 00:22:19.486139+00', '70f26d61-eb01-4a06-aa87-af55868c3726', '66666666-6666-6666-6666-666666666003', '44444444-4444-4444-4444-333333333003');
INSERT INTO public.inventory_stockmovement VALUES ('77777777-7777-7777-7777-666666666004', 1500.000, 0.00, '2026-02-06 00:22:19.486139+00', '70f26d61-eb01-4a06-aa87-af55868c3726', '66666666-6666-6666-6666-666666666004', '44444444-4444-4444-4444-333333333004');
INSERT INTO public.inventory_stockmovement VALUES ('77777777-7777-7777-7777-666666666005', 80.000, 2.10, '2026-02-08 00:22:19.486139+00', '70f26d61-eb01-4a06-aa87-af55868c3726', '66666666-6666-6666-6666-666666666005', '44444444-4444-4444-4444-333333333005');
INSERT INTO public.inventory_stockmovement VALUES ('77777777-7777-7777-7777-666666666006', 2000.000, 0.00, '2026-02-08 00:22:19.486139+00', '70f26d61-eb01-4a06-aa87-af55868c3726', '66666666-6666-6666-6666-666666666006', '44444444-4444-4444-4444-333333333006');
INSERT INTO public.inventory_stockmovement VALUES ('77777777-7777-7777-7777-666666666007', 1000.000, 0.01, '2026-02-10 00:22:19.486139+00', '70f26d61-eb01-4a06-aa87-af55868c3726', '66666666-6666-6666-6666-666666666007', '44444444-4444-4444-4444-333333333007');
INSERT INTO public.inventory_stockmovement VALUES ('77777777-7777-7777-7777-666666666008', 800.000, 0.01, '2026-02-10 00:22:19.486139+00', '70f26d61-eb01-4a06-aa87-af55868c3726', '66666666-6666-6666-6666-666666666008', '44444444-4444-4444-4444-333333333008');
INSERT INTO public.inventory_stockmovement VALUES ('77777777-7777-7777-7777-666666666009', 3300.000, 0.00, '2026-02-14 00:22:19.486139+00', '70f26d61-eb01-4a06-aa87-af55868c3726', '66666666-6666-6666-6666-666666666009', '44444444-4444-4444-4444-333333333010');
INSERT INTO public.inventory_stockmovement VALUES ('77777777-7777-7777-7777-666666666010', 90.000, 0.40, '2026-02-14 00:22:19.486139+00', '70f26d61-eb01-4a06-aa87-af55868c3726', '66666666-6666-6666-6666-666666666010', '44444444-4444-4444-4444-333333333002');
INSERT INTO public.inventory_stockmovement VALUES ('77777777-7777-7777-7777-666666666011', 70.000, 0.40, '2026-02-16 00:22:19.486139+00', '70f26d61-eb01-4a06-aa87-af55868c3726', '66666666-6666-6666-6666-666666666011', '44444444-4444-4444-4444-333333333002');
INSERT INTO public.inventory_stockmovement VALUES ('77777777-7777-7777-7777-666666666012', 1500.000, 0.00, '2026-02-16 00:22:19.486139+00', '70f26d61-eb01-4a06-aa87-af55868c3726', '66666666-6666-6666-6666-666666666012', '44444444-4444-4444-4444-333333333003');
INSERT INTO public.inventory_stockmovement VALUES ('77777777-7777-7777-7777-666666666021', 1500.000, 0.01, '2026-02-04 00:22:19.486139+00', 'ae10d45c-a897-468d-99aa-678166dee4fd', '66666666-6666-6666-6666-666666666021', '44444444-4444-4444-4444-333333333019');
INSERT INTO public.inventory_stockmovement VALUES ('77777777-7777-7777-7777-666666666022', 50.000, 0.55, '2026-02-04 00:22:19.486139+00', 'ae10d45c-a897-468d-99aa-678166dee4fd', '66666666-6666-6666-6666-666666666022', '44444444-4444-4444-4444-333333333020');
INSERT INTO public.inventory_stockmovement VALUES ('77777777-7777-7777-7777-666666666023', 20.000, 1.10, '2026-02-06 00:22:19.486139+00', 'ae10d45c-a897-468d-99aa-678166dee4fd', '66666666-6666-6666-6666-666666666023', '44444444-4444-4444-4444-333333333021');
INSERT INTO public.inventory_stockmovement VALUES ('77777777-7777-7777-7777-666666666024', 1200.000, 0.00, '2026-02-06 00:22:19.486139+00', 'ae10d45c-a897-468d-99aa-678166dee4fd', '66666666-6666-6666-6666-666666666024', '44444444-4444-4444-4444-333333333022');
INSERT INTO public.inventory_stockmovement VALUES ('77777777-7777-7777-7777-666666666025', 2000.000, 0.00, '2026-02-08 00:22:19.486139+00', 'ae10d45c-a897-468d-99aa-678166dee4fd', '66666666-6666-6666-6666-666666666025', '44444444-4444-4444-4444-333333333024');
INSERT INTO public.inventory_stockmovement VALUES ('77777777-7777-7777-7777-666666666026', 1500.000, 0.00, '2026-02-08 00:22:19.486139+00', 'ae10d45c-a897-468d-99aa-678166dee4fd', '66666666-6666-6666-6666-666666666026', '44444444-4444-4444-4444-333333333023');
INSERT INTO public.inventory_stockmovement VALUES ('77777777-7777-7777-7777-666666666027', 60.000, 1.90, '2026-02-10 00:22:19.486139+00', 'ae10d45c-a897-468d-99aa-678166dee4fd', '66666666-6666-6666-6666-666666666027', '44444444-4444-4444-4444-333333333026');
INSERT INTO public.inventory_stockmovement VALUES ('77777777-7777-7777-7777-666666666028', 15.000, 1.30, '2026-02-10 00:22:19.486139+00', 'ae10d45c-a897-468d-99aa-678166dee4fd', '66666666-6666-6666-6666-666666666028', '44444444-4444-4444-4444-333333333027');
INSERT INTO public.inventory_stockmovement VALUES ('77777777-7777-7777-7777-666666666029', 1500.000, 0.00, '2026-02-14 00:22:19.486139+00', 'ae10d45c-a897-468d-99aa-678166dee4fd', '66666666-6666-6666-6666-666666666029', '44444444-4444-4444-4444-333333333028');
INSERT INTO public.inventory_stockmovement VALUES ('77777777-7777-7777-7777-666666666030', 800.000, 0.01, '2026-02-14 00:22:19.486139+00', 'ae10d45c-a897-468d-99aa-678166dee4fd', '66666666-6666-6666-6666-666666666030', '44444444-4444-4444-4444-333333333019');
INSERT INTO public.inventory_stockmovement VALUES ('77777777-7777-7777-7777-666666666031', 40.000, 0.55, '2026-02-16 00:22:19.486139+00', 'ae10d45c-a897-468d-99aa-678166dee4fd', '66666666-6666-6666-6666-666666666031', '44444444-4444-4444-4444-333333333020');
INSERT INTO public.inventory_stockmovement VALUES ('77777777-7777-7777-7777-666666666032', 700.000, 0.00, '2026-02-16 00:22:19.486139+00', 'ae10d45c-a897-468d-99aa-678166dee4fd', '66666666-6666-6666-6666-666666666032', '44444444-4444-4444-4444-333333333022');


--
-- TOC entry 3602 (class 0 OID 16594)
-- Dependencies: 236
-- Data for Name: purchases_purchaseorder; Type: TABLE DATA; Schema: public; Owner: postgres
--

INSERT INTO public.purchases_purchaseorder VALUES ('22222222-2222-2222-2222-222222222001', 'Bean Roasters Co', 'received', '2026-01-02', '2026-01-03 00:22:19.486139+00', '70f26d61-eb01-4a06-aa87-af55868c3726');
INSERT INTO public.purchases_purchaseorder VALUES ('22222222-2222-2222-2222-222222222002', 'Spring Water Ltd', 'received', '2026-01-07', '2026-01-08 00:22:19.486139+00', '70f26d61-eb01-4a06-aa87-af55868c3726');
INSERT INTO public.purchases_purchaseorder VALUES ('22222222-2222-2222-2222-222222222003', 'Dry Goods Import', 'received', '2026-01-12', '2026-01-13 00:22:19.486139+00', '70f26d61-eb01-4a06-aa87-af55868c3726');
INSERT INTO public.purchases_purchaseorder VALUES ('22222222-2222-2222-2222-222222222004', 'Mediterranean Oils', 'received', '2026-01-17', '2026-01-18 00:22:19.486139+00', '70f26d61-eb01-4a06-aa87-af55868c3726');
INSERT INTO public.purchases_purchaseorder VALUES ('22222222-2222-2222-2222-222222222005', 'Spices & Sauces SA', 'received', '2026-01-22', '2026-01-23 00:22:19.486139+00', '70f26d61-eb01-4a06-aa87-af55868c3726');
INSERT INTO public.purchases_purchaseorder VALUES ('22222222-2222-2222-2222-222222222006', 'Spring Water Ltd', 'confirmed', '2026-02-11', '2026-02-12 00:22:19.486139+00', '70f26d61-eb01-4a06-aa87-af55868c3726');
INSERT INTO public.purchases_purchaseorder VALUES ('22222222-2222-2222-2222-222222222007', 'Mediterranean Oils', 'draft', '2026-02-21', '2026-02-22 00:22:19.486139+00', '70f26d61-eb01-4a06-aa87-af55868c3726');
INSERT INTO public.purchases_purchaseorder VALUES ('22222222-2222-2222-2222-222222222008', 'Dry Goods Import', 'cancelled', '2026-02-16', '2026-02-17 00:22:19.486139+00', '70f26d61-eb01-4a06-aa87-af55868c3726');
INSERT INTO public.purchases_purchaseorder VALUES ('22222222-2222-2222-2222-222222222009', 'Bean Roasters Co', 'received', '2026-01-27', '2026-01-28 00:22:19.486139+00', '70f26d61-eb01-4a06-aa87-af55868c3726');
INSERT INTO public.purchases_purchaseorder VALUES ('22222222-2222-2222-2222-222222222010', 'Spices & Sauces SA', 'received', '2026-02-01', '2026-02-02 00:22:19.486139+00', '70f26d61-eb01-4a06-aa87-af55868c3726');
INSERT INTO public.purchases_purchaseorder VALUES ('22222222-2222-2222-2222-222222222011', 'Beverage Distribution', 'received', '2026-01-02', '2026-01-03 00:22:19.486139+00', 'ae10d45c-a897-468d-99aa-678166dee4fd');
INSERT INTO public.purchases_purchaseorder VALUES ('22222222-2222-2222-2222-222222222012', 'Tea Leaves Export', 'received', '2026-01-07', '2026-01-08 00:22:19.486139+00', 'ae10d45c-a897-468d-99aa-678166dee4fd');
INSERT INTO public.purchases_purchaseorder VALUES ('22222222-2222-2222-2222-222222222013', 'Nut Butters Inc', 'received', '2026-01-12', '2026-01-13 00:22:19.486139+00', 'ae10d45c-a897-468d-99aa-678166dee4fd');
INSERT INTO public.purchases_purchaseorder VALUES ('22222222-2222-2222-2222-222222222014', 'Grains Wholesale', 'received', '2026-01-17', '2026-01-18 00:22:19.486139+00', 'ae10d45c-a897-468d-99aa-678166dee4fd');
INSERT INTO public.purchases_purchaseorder VALUES ('22222222-2222-2222-2222-222222222015', 'Dairy Alternatives Co', 'received', '2026-01-22', '2026-01-23 00:22:19.486139+00', 'ae10d45c-a897-468d-99aa-678166dee4fd');
INSERT INTO public.purchases_purchaseorder VALUES ('22222222-2222-2222-2222-222222222016', 'Tea Leaves Export', 'confirmed', '2026-02-11', '2026-02-12 00:22:19.486139+00', 'ae10d45c-a897-468d-99aa-678166dee4fd');
INSERT INTO public.purchases_purchaseorder VALUES ('22222222-2222-2222-2222-222222222017', 'Dairy Alternatives Co', 'draft', '2026-02-21', '2026-02-22 00:22:19.486139+00', 'ae10d45c-a897-468d-99aa-678166dee4fd');
INSERT INTO public.purchases_purchaseorder VALUES ('22222222-2222-2222-2222-222222222018', 'Grains Wholesale', 'cancelled', '2026-02-16', '2026-02-17 00:22:19.486139+00', 'ae10d45c-a897-468d-99aa-678166dee4fd');
INSERT INTO public.purchases_purchaseorder VALUES ('22222222-2222-2222-2222-222222222019', 'Beverage Distribution', 'received', '2026-01-27', '2026-01-28 00:22:19.486139+00', 'ae10d45c-a897-468d-99aa-678166dee4fd');
INSERT INTO public.purchases_purchaseorder VALUES ('22222222-2222-2222-2222-222222222020', 'Nut Butters Inc', 'received', '2026-02-01', '2026-02-02 00:22:19.486139+00', 'ae10d45c-a897-468d-99aa-678166dee4fd');


--
-- TOC entry 3603 (class 0 OID 16599)
-- Dependencies: 237
-- Data for Name: purchases_purchaseorderitem; Type: TABLE DATA; Schema: public; Owner: postgres
--

INSERT INTO public.purchases_purchaseorderitem VALUES ('33333333-3333-3333-3333-333333333001', 6000.000, 0.00, 24.00, NULL, NULL, '2026-01-03 00:22:19.486139+00', '70f26d61-eb01-4a06-aa87-af55868c3726', '11111111-1111-1111-1111-111111111001', '22222222-2222-2222-2222-222222222001');
INSERT INTO public.purchases_purchaseorderitem VALUES ('33333333-3333-3333-3333-333333333002', 200.000, 0.40, 80.00, NULL, NULL, '2026-01-03 00:22:19.486139+00', '70f26d61-eb01-4a06-aa87-af55868c3726', '11111111-1111-1111-1111-111111111005', '22222222-2222-2222-2222-222222222001');
INSERT INTO public.purchases_purchaseorderitem VALUES ('33333333-3333-3333-3333-333333333003', 7100.000, 0.00, 11.36, NULL, NULL, '2026-01-08 00:22:19.486139+00', '70f26d61-eb01-4a06-aa87-af55868c3726', '11111111-1111-1111-1111-111111111002', '22222222-2222-2222-2222-222222222002');
INSERT INTO public.purchases_purchaseorderitem VALUES ('33333333-3333-3333-3333-333333333004', 5000.000, 0.00, 11.00, NULL, NULL, '2026-01-08 00:22:19.486139+00', '70f26d61-eb01-4a06-aa87-af55868c3726', '11111111-1111-1111-1111-111111111003', '22222222-2222-2222-2222-222222222002');
INSERT INTO public.purchases_purchaseorderitem VALUES ('33333333-3333-3333-3333-333333333005', 300.000, 2.10, 630.00, NULL, NULL, '2026-01-13 00:22:19.486139+00', '70f26d61-eb01-4a06-aa87-af55868c3726', '11111111-1111-1111-1111-111111111004', '22222222-2222-2222-2222-222222222003');
INSERT INTO public.purchases_purchaseorderitem VALUES ('33333333-3333-3333-3333-333333333006', 8000.000, 0.00, 12.00, NULL, NULL, '2026-01-13 00:22:19.486139+00', '70f26d61-eb01-4a06-aa87-af55868c3726', '11111111-1111-1111-1111-111111111008', '22222222-2222-2222-2222-222222222003');
INSERT INTO public.purchases_purchaseorderitem VALUES ('33333333-3333-3333-3333-333333333007', 5000.000, 0.01, 30.00, NULL, NULL, '2026-01-18 00:22:19.486139+00', '70f26d61-eb01-4a06-aa87-af55868c3726', '11111111-1111-1111-1111-111111111006', '22222222-2222-2222-2222-222222222004');
INSERT INTO public.purchases_purchaseorderitem VALUES ('33333333-3333-3333-3333-333333333008', 3000.000, 0.01, 15.00, NULL, NULL, '2026-01-18 00:22:19.486139+00', '70f26d61-eb01-4a06-aa87-af55868c3726', '11111111-1111-1111-1111-111111111007', '22222222-2222-2222-2222-222222222004');
INSERT INTO public.purchases_purchaseorderitem VALUES ('33333333-3333-3333-3333-333333333009', 2000.000, 0.00, 7.00, NULL, NULL, '2026-01-23 00:22:19.486139+00', '70f26d61-eb01-4a06-aa87-af55868c3726', '11111111-1111-1111-1111-111111111009', '22222222-2222-2222-2222-222222222005');
INSERT INTO public.purchases_purchaseorderitem VALUES ('33333333-3333-3333-3333-333333333010', 6600.000, 0.00, 27.72, NULL, NULL, '2026-01-23 00:22:19.486139+00', '70f26d61-eb01-4a06-aa87-af55868c3726', '11111111-1111-1111-1111-111111111010', '22222222-2222-2222-2222-222222222005');
INSERT INTO public.purchases_purchaseorderitem VALUES ('33333333-3333-3333-3333-333333333011', 400.000, 0.38, 152.00, NULL, NULL, '2026-01-28 00:22:19.486139+00', '70f26d61-eb01-4a06-aa87-af55868c3726', '11111111-1111-1111-1111-111111111005', '22222222-2222-2222-2222-222222222009');
INSERT INTO public.purchases_purchaseorderitem VALUES ('33333333-3333-3333-3333-333333333012', 3000.000, 0.00, 12.30, NULL, NULL, '2026-01-28 00:22:19.486139+00', '70f26d61-eb01-4a06-aa87-af55868c3726', '11111111-1111-1111-1111-111111111001', '22222222-2222-2222-2222-222222222009');
INSERT INTO public.purchases_purchaseorderitem VALUES ('33333333-3333-3333-3333-333333333013', 200.000, 2.05, 410.00, NULL, NULL, '2026-02-02 00:22:19.486139+00', '70f26d61-eb01-4a06-aa87-af55868c3726', '11111111-1111-1111-1111-111111111004', '22222222-2222-2222-2222-222222222010');
INSERT INTO public.purchases_purchaseorderitem VALUES ('33333333-3333-3333-3333-333333333014', 4000.000, 0.00, 8.00, NULL, NULL, '2026-02-02 00:22:19.486139+00', '70f26d61-eb01-4a06-aa87-af55868c3726', '11111111-1111-1111-1111-111111111003', '22222222-2222-2222-2222-222222222010');
INSERT INTO public.purchases_purchaseorderitem VALUES ('33333333-3333-3333-3333-333333333015', 3550.000, 0.00, 6.04, NULL, NULL, '2026-02-12 00:22:19.486139+00', '70f26d61-eb01-4a06-aa87-af55868c3726', '11111111-1111-1111-1111-111111111002', '22222222-2222-2222-2222-222222222006');
INSERT INTO public.purchases_purchaseorderitem VALUES ('33333333-3333-3333-3333-333333333016', 6000.000, 0.00, 8.40, NULL, NULL, '2026-02-12 00:22:19.486139+00', '70f26d61-eb01-4a06-aa87-af55868c3726', '11111111-1111-1111-1111-111111111008', '22222222-2222-2222-2222-222222222006');
INSERT INTO public.purchases_purchaseorderitem VALUES ('33333333-3333-3333-3333-333333333017', 2000.000, 0.01, 12.40, NULL, NULL, '2026-02-22 00:22:19.486139+00', '70f26d61-eb01-4a06-aa87-af55868c3726', '11111111-1111-1111-1111-111111111006', '22222222-2222-2222-2222-222222222007');
INSERT INTO public.purchases_purchaseorderitem VALUES ('33333333-3333-3333-3333-333333333018', 150.000, 0.42, 63.00, NULL, NULL, '2026-02-22 00:22:19.486139+00', '70f26d61-eb01-4a06-aa87-af55868c3726', '11111111-1111-1111-1111-111111111005', '22222222-2222-2222-2222-222222222007');
INSERT INTO public.purchases_purchaseorderitem VALUES ('33333333-3333-3333-3333-333333333019', 5000.000, 0.01, 25.00, NULL, NULL, '2026-01-03 00:22:19.486139+00', 'ae10d45c-a897-468d-99aa-678166dee4fd', '11111111-1111-1111-1111-111111111011', '22222222-2222-2222-2222-222222222011');
INSERT INTO public.purchases_purchaseorderitem VALUES ('33333333-3333-3333-3333-333333333020', 220.000, 0.55, 121.00, NULL, NULL, '2026-01-03 00:22:19.486139+00', 'ae10d45c-a897-468d-99aa-678166dee4fd', '11111111-1111-1111-1111-111111111015', '22222222-2222-2222-2222-222222222011');
INSERT INTO public.purchases_purchaseorderitem VALUES ('33333333-3333-3333-3333-333333333021', 80.000, 1.10, 88.00, NULL, NULL, '2026-01-08 00:22:19.486139+00', 'ae10d45c-a897-468d-99aa-678166dee4fd', '11111111-1111-1111-1111-111111111012', '22222222-2222-2222-2222-222222222012');
INSERT INTO public.purchases_purchaseorderitem VALUES ('33333333-3333-3333-3333-333333333022', 6000.000, 0.00, 16.80, NULL, NULL, '2026-01-08 00:22:19.486139+00', 'ae10d45c-a897-468d-99aa-678166dee4fd', '11111111-1111-1111-1111-111111111013', '22222222-2222-2222-2222-222222222012');
INSERT INTO public.purchases_purchaseorderitem VALUES ('33333333-3333-3333-3333-333333333023', 3000.000, 0.00, 9.00, NULL, NULL, '2026-01-13 00:22:19.486139+00', 'ae10d45c-a897-468d-99aa-678166dee4fd', '11111111-1111-1111-1111-111111111014', '22222222-2222-2222-2222-222222222013');
INSERT INTO public.purchases_purchaseorderitem VALUES ('33333333-3333-3333-3333-333333333024', 6600.000, 0.00, 23.76, NULL, NULL, '2026-01-13 00:22:19.486139+00', 'ae10d45c-a897-468d-99aa-678166dee4fd', '11111111-1111-1111-1111-111111111016', '22222222-2222-2222-2222-222222222013');
INSERT INTO public.purchases_purchaseorderitem VALUES ('33333333-3333-3333-3333-333333333025', 5000.000, 0.00, 12.00, NULL, NULL, '2026-01-18 00:22:19.486139+00', 'ae10d45c-a897-468d-99aa-678166dee4fd', '11111111-1111-1111-1111-111111111017', '22222222-2222-2222-2222-222222222014');
INSERT INTO public.purchases_purchaseorderitem VALUES ('33333333-3333-3333-3333-333333333026', 250.000, 1.90, 475.00, NULL, NULL, '2026-01-18 00:22:19.486139+00', 'ae10d45c-a897-468d-99aa-678166dee4fd', '11111111-1111-1111-1111-111111111018', '22222222-2222-2222-2222-222222222014');
INSERT INTO public.purchases_purchaseorderitem VALUES ('33333333-3333-3333-3333-333333333027', 90.000, 1.30, 117.00, NULL, NULL, '2026-01-23 00:22:19.486139+00', 'ae10d45c-a897-468d-99aa-678166dee4fd', '11111111-1111-1111-1111-111111111019', '22222222-2222-2222-2222-222222222015');
INSERT INTO public.purchases_purchaseorderitem VALUES ('33333333-3333-3333-3333-333333333028', 4000.000, 0.00, 12.80, NULL, NULL, '2026-01-23 00:22:19.486139+00', 'ae10d45c-a897-468d-99aa-678166dee4fd', '11111111-1111-1111-1111-111111111020', '22222222-2222-2222-2222-222222222015');
INSERT INTO public.purchases_purchaseorderitem VALUES ('33333333-3333-3333-3333-333333333029', 180.000, 0.52, 93.60, NULL, NULL, '2026-01-28 00:22:19.486139+00', 'ae10d45c-a897-468d-99aa-678166dee4fd', '11111111-1111-1111-1111-111111111015', '22222222-2222-2222-2222-222222222019');
INSERT INTO public.purchases_purchaseorderitem VALUES ('33333333-3333-3333-3333-333333333030', 2500.000, 0.01, 12.75, NULL, NULL, '2026-01-28 00:22:19.486139+00', 'ae10d45c-a897-468d-99aa-678166dee4fd', '11111111-1111-1111-1111-111111111011', '22222222-2222-2222-2222-222222222019');
INSERT INTO public.purchases_purchaseorderitem VALUES ('33333333-3333-3333-3333-333333333031', 150.000, 1.85, 277.50, NULL, NULL, '2026-02-02 00:22:19.486139+00', 'ae10d45c-a897-468d-99aa-678166dee4fd', '11111111-1111-1111-1111-111111111018', '22222222-2222-2222-2222-222222222020');
INSERT INTO public.purchases_purchaseorderitem VALUES ('33333333-3333-3333-3333-333333333032', 3000.000, 0.00, 7.80, NULL, NULL, '2026-02-02 00:22:19.486139+00', 'ae10d45c-a897-468d-99aa-678166dee4fd', '11111111-1111-1111-1111-111111111013', '22222222-2222-2222-2222-222222222020');
INSERT INTO public.purchases_purchaseorderitem VALUES ('33333333-3333-3333-3333-333333333033', 40.000, 1.15, 46.00, NULL, NULL, '2026-02-12 00:22:19.486139+00', 'ae10d45c-a897-468d-99aa-678166dee4fd', '11111111-1111-1111-1111-111111111012', '22222222-2222-2222-2222-222222222016');
INSERT INTO public.purchases_purchaseorderitem VALUES ('33333333-3333-3333-3333-333333333034', 3300.000, 0.00, 12.21, NULL, NULL, '2026-02-12 00:22:19.486139+00', 'ae10d45c-a897-468d-99aa-678166dee4fd', '11111111-1111-1111-1111-111111111016', '22222222-2222-2222-2222-222222222016');
INSERT INTO public.purchases_purchaseorderitem VALUES ('33333333-3333-3333-3333-333333333035', 60.000, 1.25, 75.00, NULL, NULL, '2026-02-22 00:22:19.486139+00', 'ae10d45c-a897-468d-99aa-678166dee4fd', '11111111-1111-1111-1111-111111111019', '22222222-2222-2222-2222-222222222017');
INSERT INTO public.purchases_purchaseorderitem VALUES ('33333333-3333-3333-3333-333333333036', 2500.000, 0.00, 7.75, NULL, NULL, '2026-02-22 00:22:19.486139+00', 'ae10d45c-a897-468d-99aa-678166dee4fd', '11111111-1111-1111-1111-111111111020', '22222222-2222-2222-2222-222222222017');
INSERT INTO public.purchases_purchaseorderitem VALUES ('33333333-3333-3333-3333-333333333037', 2500.000, 0.00, 10.00, NULL, NULL, '2026-01-13 00:22:19.486139+00', '70f26d61-eb01-4a06-aa87-af55868c3726', '11111111-1111-1111-1111-111111111001', '22222222-2222-2222-2222-222222222003');
INSERT INTO public.purchases_purchaseorderitem VALUES ('33333333-3333-3333-3333-333333333038', 3550.000, 0.00, 5.68, NULL, NULL, '2026-02-02 00:22:19.486139+00', '70f26d61-eb01-4a06-aa87-af55868c3726', '11111111-1111-1111-1111-111111111002', '22222222-2222-2222-2222-222222222010');
INSERT INTO public.purchases_purchaseorderitem VALUES ('33333333-3333-3333-3333-333333333039', 1800.000, 0.01, 9.36, NULL, NULL, '2026-01-18 00:22:19.486139+00', 'ae10d45c-a897-468d-99aa-678166dee4fd', '11111111-1111-1111-1111-111111111011', '22222222-2222-2222-2222-222222222014');
INSERT INTO public.purchases_purchaseorderitem VALUES ('33333333-3333-3333-3333-333333333040', 30.000, 1.28, 38.40, NULL, NULL, '2026-02-02 00:22:19.486139+00', 'ae10d45c-a897-468d-99aa-678166dee4fd', '11111111-1111-1111-1111-111111111019', '22222222-2222-2222-2222-222222222020');


--
-- TOC entry 3600 (class 0 OID 16560)
-- Dependencies: 234
-- Data for Name: sales_salesorder; Type: TABLE DATA; Schema: public; Owner: postgres
--

INSERT INTO public.sales_salesorder VALUES ('55555555-5555-5555-5555-555555555001', 'Cafe Aurora', 'fulfilled', '2026-02-03', '2026-02-04 00:22:19.486139+00', '70f26d61-eb01-4a06-aa87-af55868c3726');
INSERT INTO public.sales_salesorder VALUES ('55555555-5555-5555-5555-555555555002', 'Market One', 'fulfilled', '2026-02-05', '2026-02-06 00:22:19.486139+00', '70f26d61-eb01-4a06-aa87-af55868c3726');
INSERT INTO public.sales_salesorder VALUES ('55555555-5555-5555-5555-555555555003', 'Bistro Luma', 'fulfilled', '2026-02-07', '2026-02-08 00:22:19.486139+00', '70f26d61-eb01-4a06-aa87-af55868c3726');
INSERT INTO public.sales_salesorder VALUES ('55555555-5555-5555-5555-555555555004', 'Corner Shop', 'fulfilled', '2026-02-09', '2026-02-10 00:22:19.486139+00', '70f26d61-eb01-4a06-aa87-af55868c3726');
INSERT INTO public.sales_salesorder VALUES ('55555555-5555-5555-5555-555555555005', 'Cafe Aurora', 'confirmed', '2026-02-24', '2026-02-25 00:22:19.486139+00', '70f26d61-eb01-4a06-aa87-af55868c3726');
INSERT INTO public.sales_salesorder VALUES ('55555555-5555-5555-5555-555555555006', 'Walk-in', 'draft', '2026-03-01', '2026-03-02 00:22:19.486139+00', '70f26d61-eb01-4a06-aa87-af55868c3726');
INSERT INTO public.sales_salesorder VALUES ('55555555-5555-5555-5555-555555555007', 'Bistro Luma', 'cancelled', '2026-02-19', '2026-02-20 00:22:19.486139+00', '70f26d61-eb01-4a06-aa87-af55868c3726');
INSERT INTO public.sales_salesorder VALUES ('55555555-5555-5555-5555-555555555008', 'Market One', 'fulfilled', '2026-02-13', '2026-02-14 00:22:19.486139+00', '70f26d61-eb01-4a06-aa87-af55868c3726');
INSERT INTO public.sales_salesorder VALUES ('55555555-5555-5555-5555-555555555009', 'Gym Bar', 'fulfilled', '2026-02-15', '2026-02-16 00:22:19.486139+00', '70f26d61-eb01-4a06-aa87-af55868c3726');
INSERT INTO public.sales_salesorder VALUES ('55555555-5555-5555-5555-555555555010', 'Corner Shop', 'confirmed', '2026-02-26', '2026-02-27 00:22:19.486139+00', '70f26d61-eb01-4a06-aa87-af55868c3726');
INSERT INTO public.sales_salesorder VALUES ('55555555-5555-5555-5555-555555555011', 'Mini Mart', 'fulfilled', '2026-02-03', '2026-02-04 00:22:19.486139+00', 'ae10d45c-a897-468d-99aa-678166dee4fd');
INSERT INTO public.sales_salesorder VALUES ('55555555-5555-5555-5555-555555555012', 'Super Save', 'fulfilled', '2026-02-05', '2026-02-06 00:22:19.486139+00', 'ae10d45c-a897-468d-99aa-678166dee4fd');
INSERT INTO public.sales_salesorder VALUES ('55555555-5555-5555-5555-555555555013', 'Juice Bar', 'fulfilled', '2026-02-07', '2026-02-08 00:22:19.486139+00', 'ae10d45c-a897-468d-99aa-678166dee4fd');
INSERT INTO public.sales_salesorder VALUES ('55555555-5555-5555-5555-555555555014', 'Daily Grocer', 'fulfilled', '2026-02-09', '2026-02-10 00:22:19.486139+00', 'ae10d45c-a897-468d-99aa-678166dee4fd');
INSERT INTO public.sales_salesorder VALUES ('55555555-5555-5555-5555-555555555015', 'Mini Mart', 'confirmed', '2026-02-24', '2026-02-25 00:22:19.486139+00', 'ae10d45c-a897-468d-99aa-678166dee4fd');
INSERT INTO public.sales_salesorder VALUES ('55555555-5555-5555-5555-555555555016', 'Walk-in', 'draft', '2026-03-01', '2026-03-02 00:22:19.486139+00', 'ae10d45c-a897-468d-99aa-678166dee4fd');
INSERT INTO public.sales_salesorder VALUES ('55555555-5555-5555-5555-555555555017', 'Juice Bar', 'cancelled', '2026-02-19', '2026-02-20 00:22:19.486139+00', 'ae10d45c-a897-468d-99aa-678166dee4fd');
INSERT INTO public.sales_salesorder VALUES ('55555555-5555-5555-5555-555555555018', 'Super Save', 'fulfilled', '2026-02-13', '2026-02-14 00:22:19.486139+00', 'ae10d45c-a897-468d-99aa-678166dee4fd');
INSERT INTO public.sales_salesorder VALUES ('55555555-5555-5555-5555-555555555019', 'Fitness Store', 'fulfilled', '2026-02-15', '2026-02-16 00:22:19.486139+00', 'ae10d45c-a897-468d-99aa-678166dee4fd');
INSERT INTO public.sales_salesorder VALUES ('55555555-5555-5555-5555-555555555020', 'Daily Grocer', 'confirmed', '2026-02-26', '2026-02-27 00:22:19.486139+00', 'ae10d45c-a897-468d-99aa-678166dee4fd');


--
-- TOC entry 3601 (class 0 OID 16565)
-- Dependencies: 235
-- Data for Name: sales_salesorderitem; Type: TABLE DATA; Schema: public; Owner: postgres
--

INSERT INTO public.sales_salesorderitem VALUES ('66666666-6666-6666-6666-666666666001', 2000.000, 0.02, 40.00, '2026-02-04 00:22:19.486139+00', '70f26d61-eb01-4a06-aa87-af55868c3726', '11111111-1111-1111-1111-111111111001', '55555555-5555-5555-5555-555555555001');
INSERT INTO public.sales_salesorderitem VALUES ('66666666-6666-6666-6666-666666666002', 60.000, 1.50, 90.00, '2026-02-04 00:22:19.486139+00', '70f26d61-eb01-4a06-aa87-af55868c3726', '11111111-1111-1111-1111-111111111005', '55555555-5555-5555-5555-555555555001');
INSERT INTO public.sales_salesorderitem VALUES ('66666666-6666-6666-6666-666666666003', 3000.000, 0.01, 24.00, '2026-02-06 00:22:19.486139+00', '70f26d61-eb01-4a06-aa87-af55868c3726', '11111111-1111-1111-1111-111111111002', '55555555-5555-5555-5555-555555555002');
INSERT INTO public.sales_salesorderitem VALUES ('66666666-6666-6666-6666-666666666004', 1500.000, 0.01, 15.00, '2026-02-06 00:22:19.486139+00', '70f26d61-eb01-4a06-aa87-af55868c3726', '11111111-1111-1111-1111-111111111003', '55555555-5555-5555-5555-555555555002');
INSERT INTO public.sales_salesorderitem VALUES ('66666666-6666-6666-6666-666666666005', 80.000, 3.80, 304.00, '2026-02-08 00:22:19.486139+00', '70f26d61-eb01-4a06-aa87-af55868c3726', '11111111-1111-1111-1111-111111111004', '55555555-5555-5555-5555-555555555003');
INSERT INTO public.sales_salesorderitem VALUES ('66666666-6666-6666-6666-666666666006', 2000.000, 0.01, 12.00, '2026-02-08 00:22:19.486139+00', '70f26d61-eb01-4a06-aa87-af55868c3726', '11111111-1111-1111-1111-111111111008', '55555555-5555-5555-5555-555555555003');
INSERT INTO public.sales_salesorderitem VALUES ('66666666-6666-6666-6666-666666666007', 1000.000, 0.02, 20.00, '2026-02-10 00:22:19.486139+00', '70f26d61-eb01-4a06-aa87-af55868c3726', '11111111-1111-1111-1111-111111111006', '55555555-5555-5555-5555-555555555004');
INSERT INTO public.sales_salesorderitem VALUES ('66666666-6666-6666-6666-666666666008', 800.000, 0.02, 14.40, '2026-02-10 00:22:19.486139+00', '70f26d61-eb01-4a06-aa87-af55868c3726', '11111111-1111-1111-1111-111111111007', '55555555-5555-5555-5555-555555555004');
INSERT INTO public.sales_salesorderitem VALUES ('66666666-6666-6666-6666-666666666009', 3300.000, 0.02, 59.40, '2026-02-14 00:22:19.486139+00', '70f26d61-eb01-4a06-aa87-af55868c3726', '11111111-1111-1111-1111-111111111010', '55555555-5555-5555-5555-555555555008');
INSERT INTO public.sales_salesorderitem VALUES ('66666666-6666-6666-6666-666666666010', 90.000, 1.60, 144.00, '2026-02-14 00:22:19.486139+00', '70f26d61-eb01-4a06-aa87-af55868c3726', '11111111-1111-1111-1111-111111111005', '55555555-5555-5555-5555-555555555008');
INSERT INTO public.sales_salesorderitem VALUES ('66666666-6666-6666-6666-666666666011', 70.000, 1.55, 108.50, '2026-02-16 00:22:19.486139+00', '70f26d61-eb01-4a06-aa87-af55868c3726', '11111111-1111-1111-1111-111111111005', '55555555-5555-5555-5555-555555555009');
INSERT INTO public.sales_salesorderitem VALUES ('66666666-6666-6666-6666-666666666012', 1500.000, 0.01, 13.50, '2026-02-16 00:22:19.486139+00', '70f26d61-eb01-4a06-aa87-af55868c3726', '11111111-1111-1111-1111-111111111002', '55555555-5555-5555-5555-555555555009');
INSERT INTO public.sales_salesorderitem VALUES ('66666666-6666-6666-6666-666666666013', 1200.000, 0.01, 13.20, '2026-02-25 00:22:19.486139+00', '70f26d61-eb01-4a06-aa87-af55868c3726', '11111111-1111-1111-1111-111111111003', '55555555-5555-5555-5555-555555555005');
INSERT INTO public.sales_salesorderitem VALUES ('66666666-6666-6666-6666-666666666014', 1000.000, 0.02, 21.00, '2026-02-25 00:22:19.486139+00', '70f26d61-eb01-4a06-aa87-af55868c3726', '11111111-1111-1111-1111-111111111001', '55555555-5555-5555-5555-555555555005');
INSERT INTO public.sales_salesorderitem VALUES ('66666666-6666-6666-6666-666666666015', 500.000, 0.02, 11.00, '2026-03-02 00:22:19.486139+00', '70f26d61-eb01-4a06-aa87-af55868c3726', '11111111-1111-1111-1111-111111111006', '55555555-5555-5555-5555-555555555006');
INSERT INTO public.sales_salesorderitem VALUES ('66666666-6666-6666-6666-666666666016', 300.000, 0.01, 3.60, '2026-03-02 00:22:19.486139+00', '70f26d61-eb01-4a06-aa87-af55868c3726', '11111111-1111-1111-1111-111111111009', '55555555-5555-5555-5555-555555555006');
INSERT INTO public.sales_salesorderitem VALUES ('66666666-6666-6666-6666-666666666017', 20.000, 4.10, 82.00, '2026-02-20 00:22:19.486139+00', '70f26d61-eb01-4a06-aa87-af55868c3726', '11111111-1111-1111-1111-111111111004', '55555555-5555-5555-5555-555555555007');
INSERT INTO public.sales_salesorderitem VALUES ('66666666-6666-6666-6666-666666666018', 500.000, 0.01, 3.25, '2026-02-20 00:22:19.486139+00', '70f26d61-eb01-4a06-aa87-af55868c3726', '11111111-1111-1111-1111-111111111008', '55555555-5555-5555-5555-555555555007');
INSERT INTO public.sales_salesorderitem VALUES ('66666666-6666-6666-6666-666666666019', 600.000, 0.02, 11.40, '2026-02-27 00:22:19.486139+00', '70f26d61-eb01-4a06-aa87-af55868c3726', '11111111-1111-1111-1111-111111111007', '55555555-5555-5555-5555-555555555010');
INSERT INTO public.sales_salesorderitem VALUES ('66666666-6666-6666-6666-666666666020', 1000.000, 0.02, 19.00, '2026-02-27 00:22:19.486139+00', '70f26d61-eb01-4a06-aa87-af55868c3726', '11111111-1111-1111-1111-111111111010', '55555555-5555-5555-5555-555555555010');
INSERT INTO public.sales_salesorderitem VALUES ('66666666-6666-6666-6666-666666666021', 1500.000, 0.02, 24.00, '2026-02-04 00:22:19.486139+00', 'ae10d45c-a897-468d-99aa-678166dee4fd', '11111111-1111-1111-1111-111111111011', '55555555-5555-5555-5555-555555555011');
INSERT INTO public.sales_salesorderitem VALUES ('66666666-6666-6666-6666-666666666022', 50.000, 1.90, 95.00, '2026-02-04 00:22:19.486139+00', 'ae10d45c-a897-468d-99aa-678166dee4fd', '11111111-1111-1111-1111-111111111015', '55555555-5555-5555-5555-555555555011');
INSERT INTO public.sales_salesorderitem VALUES ('66666666-6666-6666-6666-666666666023', 20.000, 2.50, 50.00, '2026-02-06 00:22:19.486139+00', 'ae10d45c-a897-468d-99aa-678166dee4fd', '11111111-1111-1111-1111-111111111012', '55555555-5555-5555-5555-555555555012');
INSERT INTO public.sales_salesorderitem VALUES ('66666666-6666-6666-6666-666666666024', 1200.000, 0.01, 14.40, '2026-02-06 00:22:19.486139+00', 'ae10d45c-a897-468d-99aa-678166dee4fd', '11111111-1111-1111-1111-111111111013', '55555555-5555-5555-5555-555555555012');
INSERT INTO public.sales_salesorderitem VALUES ('66666666-6666-6666-6666-666666666025', 2000.000, 0.01, 22.00, '2026-02-08 00:22:19.486139+00', 'ae10d45c-a897-468d-99aa-678166dee4fd', '11111111-1111-1111-1111-111111111016', '55555555-5555-5555-5555-555555555013');
INSERT INTO public.sales_salesorderitem VALUES ('66666666-6666-6666-6666-666666666026', 1500.000, 0.01, 18.00, '2026-02-08 00:22:19.486139+00', 'ae10d45c-a897-468d-99aa-678166dee4fd', '11111111-1111-1111-1111-111111111014', '55555555-5555-5555-5555-555555555013');
INSERT INTO public.sales_salesorderitem VALUES ('66666666-6666-6666-6666-666666666027', 60.000, 3.20, 192.00, '2026-02-10 00:22:19.486139+00', 'ae10d45c-a897-468d-99aa-678166dee4fd', '11111111-1111-1111-1111-111111111018', '55555555-5555-5555-5555-555555555014');
INSERT INTO public.sales_salesorderitem VALUES ('66666666-6666-6666-6666-666666666028', 15.000, 2.80, 42.00, '2026-02-10 00:22:19.486139+00', 'ae10d45c-a897-468d-99aa-678166dee4fd', '11111111-1111-1111-1111-111111111019', '55555555-5555-5555-5555-555555555014');
INSERT INTO public.sales_salesorderitem VALUES ('66666666-6666-6666-6666-666666666029', 1500.000, 0.01, 19.50, '2026-02-14 00:22:19.486139+00', 'ae10d45c-a897-468d-99aa-678166dee4fd', '11111111-1111-1111-1111-111111111020', '55555555-5555-5555-5555-555555555018');
INSERT INTO public.sales_salesorderitem VALUES ('66666666-6666-6666-6666-666666666030', 800.000, 0.02, 13.60, '2026-02-14 00:22:19.486139+00', 'ae10d45c-a897-468d-99aa-678166dee4fd', '11111111-1111-1111-1111-111111111011', '55555555-5555-5555-5555-555555555018');
INSERT INTO public.sales_salesorderitem VALUES ('66666666-6666-6666-6666-666666666031', 40.000, 2.10, 84.00, '2026-02-16 00:22:19.486139+00', 'ae10d45c-a897-468d-99aa-678166dee4fd', '11111111-1111-1111-1111-111111111015', '55555555-5555-5555-5555-555555555019');
INSERT INTO public.sales_salesorderitem VALUES ('66666666-6666-6666-6666-666666666032', 700.000, 0.01, 9.10, '2026-02-16 00:22:19.486139+00', 'ae10d45c-a897-468d-99aa-678166dee4fd', '11111111-1111-1111-1111-111111111013', '55555555-5555-5555-5555-555555555019');
INSERT INTO public.sales_salesorderitem VALUES ('66666666-6666-6666-6666-666666666033', 5.000, 2.60, 13.00, '2026-02-25 00:22:19.486139+00', 'ae10d45c-a897-468d-99aa-678166dee4fd', '11111111-1111-1111-1111-111111111012', '55555555-5555-5555-5555-555555555015');
INSERT INTO public.sales_salesorderitem VALUES ('66666666-6666-6666-6666-666666666034', 900.000, 0.01, 10.80, '2026-02-25 00:22:19.486139+00', 'ae10d45c-a897-468d-99aa-678166dee4fd', '11111111-1111-1111-1111-111111111016', '55555555-5555-5555-5555-555555555015');
INSERT INTO public.sales_salesorderitem VALUES ('66666666-6666-6666-6666-666666666035', 500.000, 0.01, 7.00, '2026-03-02 00:22:19.486139+00', 'ae10d45c-a897-468d-99aa-678166dee4fd', '11111111-1111-1111-1111-111111111020', '55555555-5555-5555-5555-555555555016');
INSERT INTO public.sales_salesorderitem VALUES ('66666666-6666-6666-6666-666666666036', 3.000, 2.85, 8.55, '2026-03-02 00:22:19.486139+00', 'ae10d45c-a897-468d-99aa-678166dee4fd', '11111111-1111-1111-1111-111111111019', '55555555-5555-5555-5555-555555555016');
INSERT INTO public.sales_salesorderitem VALUES ('66666666-6666-6666-6666-666666666037', 10.000, 3.30, 33.00, '2026-02-20 00:22:19.486139+00', 'ae10d45c-a897-468d-99aa-678166dee4fd', '11111111-1111-1111-1111-111111111018', '55555555-5555-5555-5555-555555555017');
INSERT INTO public.sales_salesorderitem VALUES ('66666666-6666-6666-6666-666666666038', 200.000, 0.02, 3.40, '2026-02-20 00:22:19.486139+00', 'ae10d45c-a897-468d-99aa-678166dee4fd', '11111111-1111-1111-1111-111111111011', '55555555-5555-5555-5555-555555555017');
INSERT INTO public.sales_salesorderitem VALUES ('66666666-6666-6666-6666-666666666039', 900.000, 0.01, 11.70, '2026-02-27 00:22:19.486139+00', 'ae10d45c-a897-468d-99aa-678166dee4fd', '11111111-1111-1111-1111-111111111014', '55555555-5555-5555-5555-555555555020');
INSERT INTO public.sales_salesorderitem VALUES ('66666666-6666-6666-6666-666666666040', 1200.000, 0.01, 14.40, '2026-02-27 00:22:19.486139+00', 'ae10d45c-a897-468d-99aa-678166dee4fd', '11111111-1111-1111-1111-111111111016', '55555555-5555-5555-5555-555555555020');


--
-- TOC entry 3590 (class 0 OID 16451)
-- Dependencies: 224
-- Data for Name: users_user; Type: TABLE DATA; Schema: public; Owner: postgres
--

INSERT INTO public.users_user VALUES ('pbkdf2_sha256$1000000$K1TpLualYu0aGQNPEGW1Oc$26/OZLWQQIjdKT+3NyW+a+r7YnZ9b/++okp73h7mGpI=', NULL, false, '70f26d61-eb01-4a06-aa87-af55868c3726', 'Alice', 'alice@example.com', '2026-03-02 05:45:25.249713+00', true, false);
INSERT INTO public.users_user VALUES ('pbkdf2_sha256$1000000$IYGmjPOQygU8ZfT4UH8d1s$YOM8QmCaQFPuEBHQtxBRyw3bThc/5VWUHHDiGaluDJU=', NULL, false, 'ae10d45c-a897-468d-99aa-678166dee4fd', 'Bob', 'bob@example.com', '2026-03-03 01:07:38.711134+00', true, false);


--


